ID,Code
VAL_SET3 (1115).png,1
VAL_SET3 (1116).png,0
VAL_SET3 (1117).png,0
VAL_SET3 (1118).png,0
VAL_SET3 (1119).png,0
VAL_SET3 (112).png,1
VAL_SET3 (1120).png,0
VAL_SET3 (1121).png,0
VAL_SET3 (1122).png,0
VAL_SET3 (1123).png,0
VAL_SET3 (1124).png,0
VAL_SET3 (1125).png,0
VAL_SET3 (1126).png,0
VAL_SET3 (1127).png,0
VAL_SET3 (1128).png,0
VAL_SET3 (1129).png,0
VAL_SET3 (113).png,1
VAL_SET3 (1130).png,2
VAL_SET3 (117).png,2
VAL_SET3 (115).png,1
VAL_SET3 (116).png,1
VAL_SET3 (114).png,2
VAL_SET3 (121).png,2
VAL_SET3 (12).png,1
VAL_SET3 (119).png,1
VAL_SET3 (118).png,1
VAL_SET3 (120).png,1
VAL_SET3 (122).png,1
VAL_SET3 (123).png,1
VAL_SET3 (124).png,1
VAL_SET3 (125).png,1
VAL_SET3 (128).png,1
VAL_SET3 (127).png,1
VAL_SET3 (126).png,1
VAL_SET3 (129).png,1
VAL_SET3 (13).png,1
VAL_SET3 (130).png,1
VAL_SET3 (132).png,1
VAL_SET3 (131).png,1
VAL_SET3 (136).png,1
VAL_SET3 (133).png,1
VAL_SET3 (134).png,1
VAL_SET3 (135).png,1
VAL_SET3 (139).png,1
VAL_SET3 (14).png,1
VAL_SET3 (140).png,1
VAL_SET3 (138).png,2
VAL_SET3 (137).png,2
VAL_SET3 (141).png,1
VAL_SET3 (142).png,2
VAL_SET3 (143).png,1
VAL_SET3 (144).png,1
VAL_SET3 (146).png,1
VAL_SET3 (145).png,1
VAL_SET3 (149).png,1
VAL_SET3 (147).png,1
VAL_SET3 (148).png,2
VAL_SET3 (15).png,1
VAL_SET3 (151).png,1
VAL_SET3 (152).png,1
VAL_SET3 (150).png,2
VAL_SET3 (153).png,0
VAL_SET3 (155).png,1
VAL_SET3 (156).png,1
VAL_SET3 (154).png,1
VAL_SET3 (157).png,1
VAL_SET3 (158).png,1
VAL_SET3 (159).png,1
VAL_SET3 (16).png,1
VAL_SET3 (160).png,1
VAL_SET3 (162).png,2
VAL_SET3 (161).png,1
VAL_SET3 (165).png,1
VAL_SET3 (163).png,1
VAL_SET3 (164).png,1
VAL_SET3 (167).png,1
VAL_SET3 (166).png,1
VAL_SET3 (170).png,1
VAL_SET3 (17).png,1
VAL_SET3 (168).png,1
VAL_SET3 (169).png,1
VAL_SET3 (171).png,1
VAL_SET3 (174).png,2
VAL_SET3 (173).png,1
VAL_SET3 (172).png,1
VAL_SET3 (175).png,1
VAL_SET3 (177).png,1
VAL_SET3 (178).png,1
VAL_SET3 (176).png,1
VAL_SET3 (179).png,1
VAL_SET3 (181).png,1
VAL_SET3 (18).png,1
VAL_SET3 (180).png,1
VAL_SET3 (183).png,1
VAL_SET3 (182).png,1
VAL_SET3 (184).png,2
VAL_SET3 (185).png,1
VAL_SET3 (186).png,1
VAL_SET3 (187).png,2
VAL_SET3 (19).png,1
VAL_SET3 (188).png,1
VAL_SET3 (189).png,1
VAL_SET3 (192).png,1
VAL_SET3 (191).png,1
VAL_SET3 (190).png,1
VAL_SET3 (195).png,1
VAL_SET3 (196).png,1
VAL_SET3 (193).png,1
VAL_SET3 (194).png,1
VAL_SET3 (198).png,1
VAL_SET3 (197).png,1
VAL_SET3 (199).png,2
VAL_SET3 (2).png,1
VAL_SET3 (201).png,1
VAL_SET3 (20).png,1
VAL_SET3 (200).png,1
VAL_SET3 (202).png,1
VAL_SET3 (203).png,2
VAL_SET3 (204).png,2
VAL_SET3 (205).png,1
VAL_SET3 (206).png,1
VAL_SET3 (207).png,1
VAL_SET3 (209).png,0
VAL_SET3 (208).png,1
VAL_SET3 (21).png,1
VAL_SET3 (212).png,2
VAL_SET3 (211).png,1
VAL_SET3 (210).png,1
VAL_SET3 (214).png,1
VAL_SET3 (213).png,1
VAL_SET3 (216).png,1
VAL_SET3 (215).png,1
VAL_SET3 (217).png,2
VAL_SET3 (218).png,1
VAL_SET3 (22).png,1
VAL_SET3 (220).png,1
VAL_SET3 (219).png,1
VAL_SET3 (221).png,1
VAL_SET3 (222).png,1
VAL_SET3 (223).png,1
VAL_SET3 (224).png,1
VAL_SET3 (225).png,1
VAL_SET3 (226).png,1
VAL_SET3 (228).png,2
VAL_SET3 (227).png,1
VAL_SET3 (230).png,1
VAL_SET3 (229).png,0
VAL_SET3 (231).png,1
VAL_SET3 (23).png,1
VAL_SET3 (233).png,1
VAL_SET3 (232).png,2
VAL_SET3 (234).png,1
VAL_SET3 (237).png,1
VAL_SET3 (235).png,1
VAL_SET3 (238).png,1
VAL_SET3 (236).png,1
VAL_SET3 (240).png,1
VAL_SET3 (24).png,1
VAL_SET3 (239).png,1
VAL_SET3 (241).png,1
VAL_SET3 (243).png,2
VAL_SET3 (242).png,1
VAL_SET3 (244).png,1
VAL_SET3 (249).png,1
VAL_SET3 (248).png,1
VAL_SET3 (245).png,1
VAL_SET3 (247).png,1
VAL_SET3 (246).png,2
VAL_SET3 (250).png,1
VAL_SET3 (252).png,1
VAL_SET3 (251).png,0
VAL_SET3 (253).png,1
VAL_SET3 (25).png,1
VAL_SET3 (255).png,1
VAL_SET3 (256).png,1
VAL_SET3 (257).png,1
VAL_SET3 (254).png,2
VAL_SET3 (258).png,2
VAL_SET3 (259).png,1
VAL_SET3 (260).png,2
VAL_SET3 (26).png,1
VAL_SET3 (263).png,1
VAL_SET3 (261).png,1
VAL_SET3 (262).png,1
VAL_SET3 (264).png,1
VAL_SET3 (266).png,1
VAL_SET3 (265).png,2
VAL_SET3 (267).png,1
VAL_SET3 (270).png,1
VAL_SET3 (269).png,1
VAL_SET3 (27).png,1
VAL_SET3 (268).png,1
VAL_SET3 (273).png,1
VAL_SET3 (272).png,1
VAL_SET3 (271).png,1
VAL_SET3 (274).png,1
VAL_SET3 (275).png,1
VAL_SET3 (278).png,1
VAL_SET3 (276).png,1
VAL_SET3 (277).png,1
VAL_SET3 (28).png,1
VAL_SET3 (279).png,1
VAL_SET3 (281).png,1
VAL_SET3 (280).png,1
VAL_SET3 (283).png,1
VAL_SET3 (282).png,1
VAL_SET3 (285).png,1
VAL_SET3 (284).png,1
VAL_SET3 (286).png,2
VAL_SET3 (287).png,1
VAL_SET3 (288).png,1
VAL_SET3 (289).png,1
VAL_SET3 (290).png,1
VAL_SET3 (292).png,1
VAL_SET3 (291).png,1
VAL_SET3 (29).png,1
VAL_SET3 (293).png,1
VAL_SET3 (296).png,1
VAL_SET3 (294).png,1
VAL_SET3 (295).png,1
VAL_SET3 (297).png,1
VAL_SET3 (298).png,0
VAL_SET3 (299).png,1
VAL_SET3 (3).png,1
VAL_SET3 (301).png,0
VAL_SET3 (30).png,1
VAL_SET3 (300).png,1
VAL_SET3 (302).png,1
VAL_SET3 (303).png,1
VAL_SET3 (305).png,0
VAL_SET3 (304).png,1
VAL_SET3 (307).png,1
VAL_SET3 (306).png,1
VAL_SET3 (308).png,1
VAL_SET3 (309).png,0
VAL_SET3 (310).png,1
VAL_SET3 (31).png,1
VAL_SET3 (311).png,1
VAL_SET3 (312).png,1
VAL_SET3 (313).png,1
VAL_SET3 (315).png,1
VAL_SET3 (314).png,1
VAL_SET3 (317).png,1
VAL_SET3 (316).png,1
VAL_SET3 (318).png,0
VAL_SET3 (319).png,0
VAL_SET3 (320).png,1
VAL_SET3 (32).png,2
VAL_SET3 (322).png,1
VAL_SET3 (323).png,1
VAL_SET3 (321).png,1
VAL_SET3 (325).png,1
VAL_SET3 (324).png,1
VAL_SET3 (326).png,1
VAL_SET3 (327).png,0
VAL_SET3 (329).png,1
VAL_SET3 (328).png,1
VAL_SET3 (33).png,1
VAL_SET3 (331).png,1
VAL_SET3 (330).png,1
VAL_SET3 (332).png,1
VAL_SET3 (334).png,1
VAL_SET3 (333).png,1
VAL_SET3 (336).png,1
VAL_SET3 (337).png,1
VAL_SET3 (335).png,0
VAL_SET3 (338).png,0
VAL_SET3 (339).png,1
VAL_SET3 (340).png,1
VAL_SET3 (34).png,1
VAL_SET3 (342).png,0
VAL_SET3 (341).png,1
VAL_SET3 (345).png,1
VAL_SET3 (344).png,1
VAL_SET3 (343).png,1
VAL_SET3 (346).png,2
VAL_SET3 (347).png,1
VAL_SET3 (348).png,1
VAL_SET3 (349).png,2
VAL_SET3 (35).png,1
VAL_SET3 (352).png,1
VAL_SET3 (350).png,2
VAL_SET3 (351).png,1
VAL_SET3 (353).png,1
VAL_SET3 (354).png,0
VAL_SET3 (357).png,0
VAL_SET3 (356).png,1
VAL_SET3 (355).png,1
VAL_SET3 (358).png,0
VAL_SET3 (359).png,1
VAL_SET3 (36).png,1
VAL_SET3 (361).png,1
VAL_SET3 (360).png,1
VAL_SET3 (364).png,0
VAL_SET3 (362).png,0
VAL_SET3 (363).png,1
VAL_SET3 (365).png,2
VAL_SET3 (368).png,0
VAL_SET3 (367).png,1
VAL_SET3 (366).png,0
VAL_SET3 (369).png,2
VAL_SET3 (370).png,0
VAL_SET3 (37).png,1
VAL_SET3 (372).png,1
VAL_SET3 (371).png,0
VAL_SET3 (375).png,1
VAL_SET3 (374).png,1
VAL_SET3 (373).png,0
VAL_SET3 (377).png,1
VAL_SET3 (376).png,1
VAL_SET3 (379).png,1
VAL_SET3 (378).png,1
VAL_SET3 (380).png,1
VAL_SET3 (381).png,1
VAL_SET3 (38).png,1
VAL_SET3 (383).png,2
VAL_SET3 (382).png,1
VAL_SET3 (384).png,1
VAL_SET3 (385).png,1
VAL_SET3 (387).png,0
VAL_SET3 (386).png,1
VAL_SET3 (388).png,2
VAL_SET3 (389).png,1
VAL_SET3 (391).png,1
VAL_SET3 (390).png,1
VAL_SET3 (39).png,1
VAL_SET3 (392).png,1
VAL_SET3 (393).png,0
VAL_SET3 (394).png,0
VAL_SET3 (395).png,1
VAL_SET3 (396).png,1
VAL_SET3 (397).png,1
VAL_SET3 (398).png,1
VAL_SET3 (399).png,1
VAL_SET3 (4).png,2
VAL_SET3 (400).png,1
VAL_SET3 (401).png,0
VAL_SET3 (40).png,1
VAL_SET3 (402).png,0
VAL_SET3 (403).png,1
VAL_SET3 (405).png,1
VAL_SET3 (404).png,1
VAL_SET3 (406).png,1
VAL_SET3 (407).png,1
VAL_SET3 (408).png,1
VAL_SET3 (409).png,1
VAL_SET3 (41).png,1
VAL_SET3 (413).png,1
VAL_SET3 (411).png,1
VAL_SET3 (410).png,1
VAL_SET3 (412).png,1
VAL_SET3 (414).png,1
VAL_SET3 (415).png,0
VAL_SET3 (416).png,0
VAL_SET3 (417).png,0
VAL_SET3 (420).png,1
VAL_SET3 (419).png,2
VAL_SET3 (418).png,1
VAL_SET3 (42).png,1
VAL_SET3 (421).png,1
VAL_SET3 (422).png,1
VAL_SET3 (423).png,1
VAL_SET3 (425).png,1
VAL_SET3 (424).png,1
VAL_SET3 (427).png,1
VAL_SET3 (428).png,1
VAL_SET3 (426).png,1
VAL_SET3 (43).png,1
VAL_SET3 (430).png,1
VAL_SET3 (429).png,1
VAL_SET3 (431).png,0
VAL_SET3 (433).png,0
VAL_SET3 (432).png,1
VAL_SET3 (434).png,1
VAL_SET3 (435).png,1
VAL_SET3 (436).png,1
VAL_SET3 (437).png,1
VAL_SET3 (438).png,1
VAL_SET3 (439).png,1
VAL_SET3 (44).png,2
VAL_SET3 (440).png,0
VAL_SET3 (443).png,1
VAL_SET3 (442).png,1
VAL_SET3 (441).png,0
VAL_SET3 (445).png,1
VAL_SET3 (446).png,1
VAL_SET3 (444).png,1
VAL_SET3 (447).png,1
VAL_SET3 (448).png,1
VAL_SET3 (45).png,1
VAL_SET3 (449).png,0
VAL_SET3 (453).png,1
VAL_SET3 (451).png,1
VAL_SET3 (450).png,1
VAL_SET3 (454).png,1
VAL_SET3 (452).png,1
VAL_SET3 (458).png,1
VAL_SET3 (457).png,1
VAL_SET3 (456).png,2
VAL_SET3 (455).png,1
VAL_SET3 (461).png,1
VAL_SET3 (460).png,1
VAL_SET3 (459).png,1
VAL_SET3 (46).png,1
VAL_SET3 (462).png,1
VAL_SET3 (464).png,1
VAL_SET3 (463).png,1
VAL_SET3 (466).png,0
VAL_SET3 (465).png,1
VAL_SET3 (468).png,1
VAL_SET3 (467).png,0
VAL_SET3 (470).png,0
VAL_SET3 (47).png,2
VAL_SET3 (469).png,1
VAL_SET3 (473).png,1
VAL_SET3 (471).png,1
VAL_SET3 (472).png,1
VAL_SET3 (475).png,2
VAL_SET3 (478).png,1
VAL_SET3 (477).png,1
VAL_SET3 (474).png,1
VAL_SET3 (476).png,0
VAL_SET3 (479).png,1
VAL_SET3 (48).png,2
VAL_SET3 (483).png,1
VAL_SET3 (481).png,1
VAL_SET3 (480).png,1
VAL_SET3 (482).png,1
VAL_SET3 (485).png,2
VAL_SET3 (484).png,0
VAL_SET3 (487).png,1
VAL_SET3 (486).png,0
VAL_SET3 (489).png,1
VAL_SET3 (488).png,1
VAL_SET3 (49).png,1
VAL_SET3 (490).png,0
VAL_SET3 (491).png,1
VAL_SET3 (492).png,1
VAL_SET3 (493).png,0
VAL_SET3 (495).png,2
VAL_SET3 (496).png,0
VAL_SET3 (494).png,1
VAL_SET3 (497).png,2
VAL_SET3 (498).png,0
VAL_SET3 (499).png,1
VAL_SET3 (500).png,1
VAL_SET3 (50).png,1
VAL_SET3 (5).png,1
VAL_SET3 (501).png,0
VAL_SET3 (505).png,0
VAL_SET3 (502).png,1
VAL_SET3 (503).png,1
VAL_SET3 (504).png,1
VAL_SET3 (507).png,1
VAL_SET3 (508).png,0
VAL_SET3 (506).png,0
VAL_SET3 (509).png,1
VAL_SET3 (510).png,0
VAL_SET3 (51).png,2
VAL_SET3 (512).png,0
VAL_SET3 (511).png,0
VAL_SET3 (513).png,0
VAL_SET3 (514).png,1
VAL_SET3 (516).png,1
VAL_SET3 (517).png,0
VAL_SET3 (515).png,0
VAL_SET3 (518).png,0
VAL_SET3 (52).png,2
VAL_SET3 (519).png,1
VAL_SET3 (520).png,0
VAL_SET3 (521).png,1
VAL_SET3 (523).png,1
VAL_SET3 (522).png,1
VAL_SET3 (524).png,0
VAL_SET3 (525).png,0
VAL_SET3 (526).png,1
VAL_SET3 (528).png,1
VAL_SET3 (527).png,0
VAL_SET3 (53).png,2
VAL_SET3 (529).png,1
VAL_SET3 (530).png,1
VAL_SET3 (532).png,0
VAL_SET3 (531).png,1
VAL_SET3 (533).png,1
VAL_SET3 (534).png,1
VAL_SET3 (54).png,1
VAL_SET3 (538).png,0
VAL_SET3 (539).png,0
VAL_SET3 (537).png,1
VAL_SET3 (535).png,1
VAL_SET3 (536).png,1
VAL_SET3 (540).png,2
VAL_SET3 (544).png,1
VAL_SET3 (547).png,1
VAL_SET3 (546).png,0
VAL_SET3 (543).png,1
VAL_SET3 (541).png,0
VAL_SET3 (548).png,1
VAL_SET3 (549).png,1
VAL_SET3 (545).png,0
VAL_SET3 (542).png,0
VAL_SET3 (550).png,0
VAL_SET3 (555).png,1
VAL_SET3 (558).png,1
VAL_SET3 (559).png,1
VAL_SET3 (55).png,1
VAL_SET3 (556).png,0
VAL_SET3 (553).png,0
VAL_SET3 (551).png,0
VAL_SET3 (557).png,0
VAL_SET3 (554).png,0
VAL_SET3 (552).png,1
VAL_SET3 (561).png,0
VAL_SET3 (563).png,0
VAL_SET3 (560).png,1
VAL_SET3 (562).png,1
VAL_SET3 (56).png,0
VAL_SET3 (569).png,1
VAL_SET3 (572).png,1
VAL_SET3 (568).png,1
VAL_SET3 (570).png,1
VAL_SET3 (566).png,1
VAL_SET3 (564).png,0
VAL_SET3 (571).png,0
VAL_SET3 (57).png,1
VAL_SET3 (573).png,1
VAL_SET3 (565).png,0
VAL_SET3 (567).png,1
VAL_SET3 (574).png,1
VAL_SET3 (576).png,1
VAL_SET3 (577).png,1
VAL_SET3 (58).png,2
VAL_SET3 (575).png,1
VAL_SET3 (580).png,1
VAL_SET3 (579).png,1
VAL_SET3 (578).png,1
VAL_SET3 (589).png,1
VAL_SET3 (582).png,1
VAL_SET3 (581).png,2
VAL_SET3 (584).png,1
VAL_SET3 (586).png,1
VAL_SET3 (588).png,1
VAL_SET3 (587).png,1
VAL_SET3 (583).png,1
VAL_SET3 (585).png,1
VAL_SET3 (595).png,1
VAL_SET3 (592).png,1
VAL_SET3 (598).png,0
VAL_SET3 (597).png,1
VAL_SET3 (594).png,1
VAL_SET3 (596).png,1
VAL_SET3 (590).png,1
VAL_SET3 (591).png,0
VAL_SET3 (59).png,1
VAL_SET3 (593).png,1
VAL_SET3 (604).png,1
VAL_SET3 (601).png,1
VAL_SET3 (599).png,1
VAL_SET3 (6).png,1
VAL_SET3 (607).png,1
VAL_SET3 (605).png,1
VAL_SET3 (600).png,1
VAL_SET3 (606).png,1
VAL_SET3 (603).png,0
VAL_SET3 (602).png,0
VAL_SET3 (60).png,2
VAL_SET3 (608).png,1
VAL_SET3 (614).png,1
VAL_SET3 (61).png,2
VAL_SET3 (612).png,1
VAL_SET3 (613).png,1
VAL_SET3 (609).png,0
VAL_SET3 (611).png,1
VAL_SET3 (610).png,0
VAL_SET3 (618).png,0
VAL_SET3 (615).png,1
VAL_SET3 (62).png,1
VAL_SET3 (622).png,1
VAL_SET3 (620).png,1
VAL_SET3 (619).png,1
VAL_SET3 (621).png,1
VAL_SET3 (616).png,1
VAL_SET3 (617).png,1
VAL_SET3 (631).png,1
VAL_SET3 (623).png,1
VAL_SET3 (626).png,1
VAL_SET3 (629).png,0
VAL_SET3 (624).png,1
VAL_SET3 (627).png,1
VAL_SET3 (632).png,1
VAL_SET3 (630).png,1
VAL_SET3 (63).png,0
VAL_SET3 (633).png,1
VAL_SET3 (628).png,1
VAL_SET3 (625).png,1
VAL_SET3 (635).png,1
VAL_SET3 (641).png,0
VAL_SET3 (643).png,1
VAL_SET3 (640).png,1
VAL_SET3 (64).png,1
VAL_SET3 (637).png,1
VAL_SET3 (638).png,1
VAL_SET3 (642).png,0
VAL_SET3 (639).png,0
VAL_SET3 (634).png,1
VAL_SET3 (636).png,1
VAL_SET3 (648).png,0
VAL_SET3 (649).png,0
VAL_SET3 (644).png,1
VAL_SET3 (647).png,1
VAL_SET3 (65).png,0
VAL_SET3 (650).png,0
VAL_SET3 (651).png,1
VAL_SET3 (652).png,1
VAL_SET3 (645).png,1
VAL_SET3 (646).png,1
VAL_SET3 (654).png,1
VAL_SET3 (658).png,1
VAL_SET3 (661).png,0
VAL_SET3 (657).png,1
VAL_SET3 (655).png,1
VAL_SET3 (659).png,0
VAL_SET3 (662).png,1
VAL_SET3 (653).png,2
VAL_SET3 (66).png,1
VAL_SET3 (660).png,1
VAL_SET3 (656).png,1
VAL_SET3 (67).png,2
VAL_SET3 (663).png,1
VAL_SET3 (664).png,0
VAL_SET3 (669).png,1
VAL_SET3 (667).png,1
VAL_SET3 (670).png,0
VAL_SET3 (665).png,1
VAL_SET3 (666).png,1
VAL_SET3 (668).png,1
VAL_SET3 (675).png,1
VAL_SET3 (672).png,1
VAL_SET3 (676).png,1
VAL_SET3 (677).png,2
VAL_SET3 (674).png,1
VAL_SET3 (673).png,1
VAL_SET3 (671).png,1
VAL_SET3 (680).png,1
VAL_SET3 (683).png,1
VAL_SET3 (682).png,1
VAL_SET3 (678).png,1
VAL_SET3 (68).png,2
VAL_SET3 (684).png,0
VAL_SET3 (679).png,1
VAL_SET3 (685).png,1
VAL_SET3 (681).png,1
VAL_SET3 (687).png,1
VAL_SET3 (688).png,1
VAL_SET3 (694).png,1
VAL_SET3 (686).png,1
VAL_SET3 (691).png,0
VAL_SET3 (690).png,0
VAL_SET3 (69).png,1
VAL_SET3 (695).png,0
VAL_SET3 (689).png,2
VAL_SET3 (692).png,1
VAL_SET3 (693).png,1
VAL_SET3 (697).png,1
VAL_SET3 (701).png,1
VAL_SET3 (704).png,1
VAL_SET3 (70).png,1
VAL_SET3 (699).png,1
VAL_SET3 (696).png,1
VAL_SET3 (698).png,1
VAL_SET3 (700).png,0
VAL_SET3 (7).png,1
VAL_SET3 (702).png,1
VAL_SET3 (703).png,1
VAL_SET3 (706).png,1
VAL_SET3 (708).png,1
VAL_SET3 (705).png,1
VAL_SET3 (710).png,1
VAL_SET3 (711).png,1
VAL_SET3 (707).png,1
VAL_SET3 (71).png,1
VAL_SET3 (709).png,0
VAL_SET3 (720).png,1
VAL_SET3 (72).png,1
VAL_SET3 (714).png,1
VAL_SET3 (717).png,1
VAL_SET3 (718).png,1
VAL_SET3 (719).png,0
VAL_SET3 (716).png,1
VAL_SET3 (712).png,1
VAL_SET3 (713).png,1
VAL_SET3 (715).png,1
VAL_SET3 (722).png,1
VAL_SET3 (725).png,0
VAL_SET3 (726).png,1
VAL_SET3 (721).png,1
VAL_SET3 (727).png,1
VAL_SET3 (723).png,1
VAL_SET3 (724).png,0
VAL_SET3 (728).png,1
VAL_SET3 (734).png,1
VAL_SET3 (730).png,1
VAL_SET3 (729).png,0
VAL_SET3 (735).png,1
VAL_SET3 (731).png,1
VAL_SET3 (73).png,2
VAL_SET3 (732).png,1
VAL_SET3 (733).png,1
VAL_SET3 (742).png,1
VAL_SET3 (737).png,1
VAL_SET3 (741).png,1
VAL_SET3 (740).png,1
VAL_SET3 (736).png,0
VAL_SET3 (739).png,1
VAL_SET3 (74).png,2
VAL_SET3 (738).png,1
VAL_SET3 (743).png,0
VAL_SET3 (75).png,1
VAL_SET3 (747).png,1
VAL_SET3 (744).png,1
VAL_SET3 (750).png,0
VAL_SET3 (749).png,0
VAL_SET3 (748).png,0
VAL_SET3 (745).png,0
VAL_SET3 (751).png,0
VAL_SET3 (746).png,1
VAL_SET3 (758).png,1
VAL_SET3 (755).png,1
VAL_SET3 (757).png,0
VAL_SET3 (756).png,0
VAL_SET3 (759).png,1
VAL_SET3 (753).png,1
VAL_SET3 (754).png,1
VAL_SET3 (752).png,0
VAL_SET3 (767).png,1
VAL_SET3 (762).png,1
VAL_SET3 (764).png,1
VAL_SET3 (765).png,1
VAL_SET3 (763).png,0
VAL_SET3 (760).png,1
VAL_SET3 (766).png,0
VAL_SET3 (76).png,1
VAL_SET3 (761).png,1
VAL_SET3 (770).png,1
VAL_SET3 (771).png,1
VAL_SET3 (772).png,1
VAL_SET3 (768).png,0
VAL_SET3 (77).png,2
VAL_SET3 (769).png,0
VAL_SET3 (774).png,0
VAL_SET3 (773).png,0
VAL_SET3 (78).png,1
VAL_SET3 (782).png,1
VAL_SET3 (778).png,0
VAL_SET3 (781).png,1
VAL_SET3 (779).png,1
VAL_SET3 (776).png,1
VAL_SET3 (777).png,2
VAL_SET3 (775).png,1
VAL_SET3 (780).png,1
VAL_SET3 (786).png,0
VAL_SET3 (784).png,0
VAL_SET3 (79).png,2
VAL_SET3 (790).png,0
VAL_SET3 (783).png,1
VAL_SET3 (785).png,1
VAL_SET3 (789).png,0
VAL_SET3 (788).png,1
VAL_SET3 (787).png,0
VAL_SET3 (798).png,0
VAL_SET3 (793).png,0
VAL_SET3 (796).png,1
VAL_SET3 (795).png,0
VAL_SET3 (797).png,0
VAL_SET3 (791).png,0
VAL_SET3 (794).png,1
VAL_SET3 (792).png,1
VAL_SET3 (8).png,1
VAL_SET3 (804).png,0
VAL_SET3 (80).png,2
VAL_SET3 (799).png,1
VAL_SET3 (802).png,1
VAL_SET3 (801).png,2
VAL_SET3 (803).png,0
VAL_SET3 (800).png,1
VAL_SET3 (806).png,0
VAL_SET3 (805).png,1
VAL_SET3 (809).png,0
VAL_SET3 (808).png,1
VAL_SET3 (807).png,0
VAL_SET3 (81).png,2
VAL_SET3 (811).png,0
VAL_SET3 (812).png,0
VAL_SET3 (813).png,0
VAL_SET3 (810).png,1
VAL_SET3 (816).png,0
VAL_SET3 (815).png,1
VAL_SET3 (819).png,0
VAL_SET3 (817).png,0
VAL_SET3 (814).png,0
VAL_SET3 (818).png,1
VAL_SET3 (82).png,1
VAL_SET3 (825).png,1
VAL_SET3 (824).png,0
VAL_SET3 (821).png,0
VAL_SET3 (820).png,0
VAL_SET3 (822).png,0
VAL_SET3 (823).png,1
VAL_SET3 (831).png,1
VAL_SET3 (828).png,2
VAL_SET3 (826).png,1
VAL_SET3 (830).png,1
VAL_SET3 (832).png,0
VAL_SET3 (829).png,0
VAL_SET3 (83).png,1
VAL_SET3 (827).png,0
VAL_SET3 (838).png,1
VAL_SET3 (834).png,1
VAL_SET3 (833).png,0
VAL_SET3 (836).png,1
VAL_SET3 (837).png,0
VAL_SET3 (835).png,0
VAL_SET3 (839).png,0
VAL_SET3 (841).png,0
VAL_SET3 (842).png,0
VAL_SET3 (84).png,1
VAL_SET3 (840).png,0
VAL_SET3 (845).png,1
VAL_SET3 (844).png,1
VAL_SET3 (843).png,1
VAL_SET3 (846).png,0
VAL_SET3 (848).png,0
VAL_SET3 (85).png,2
VAL_SET3 (850).png,1
VAL_SET3 (853).png,1
VAL_SET3 (847).png,0
VAL_SET3 (849).png,1
VAL_SET3 (851).png,1
VAL_SET3 (852).png,0
VAL_SET3 (860).png,1
VAL_SET3 (859).png,0
VAL_SET3 (858).png,1
VAL_SET3 (857).png,0
VAL_SET3 (86).png,1
VAL_SET3 (855).png,0
VAL_SET3 (856).png,0
VAL_SET3 (854).png,1
VAL_SET3 (862).png,1
VAL_SET3 (861).png,1
VAL_SET3 (867).png,0
VAL_SET3 (864).png,0
VAL_SET3 (865).png,0
VAL_SET3 (863).png,0
VAL_SET3 (866).png,0
VAL_SET3 (869).png,1
VAL_SET3 (868).png,1
VAL_SET3 (871).png,0
VAL_SET3 (87).png,1
VAL_SET3 (873).png,1
VAL_SET3 (870).png,0
VAL_SET3 (872).png,1
VAL_SET3 (879).png,0
VAL_SET3 (877).png,1
VAL_SET3 (874).png,0
VAL_SET3 (875).png,1
VAL_SET3 (878).png,1
VAL_SET3 (876).png,0
VAL_SET3 (880).png,0
VAL_SET3 (883).png,1
VAL_SET3 (886).png,0
VAL_SET3 (885).png,1
VAL_SET3 (882).png,1
VAL_SET3 (884).png,1
VAL_SET3 (88).png,2
VAL_SET3 (881).png,0
VAL_SET3 (887).png,2
VAL_SET3 (889).png,0
VAL_SET3 (89).png,1
VAL_SET3 (888).png,1
VAL_SET3 (891).png,0
VAL_SET3 (890).png,1
VAL_SET3 (897).png,1
VAL_SET3 (892).png,0
VAL_SET3 (895).png,0
VAL_SET3 (893).png,1
VAL_SET3 (896).png,0
VAL_SET3 (894).png,1
VAL_SET3 (898).png,1
VAL_SET3 (9).png,1
VAL_SET3 (900).png,1
VAL_SET3 (902).png,0
VAL_SET3 (90).png,2
VAL_SET3 (901).png,0
VAL_SET3 (899).png,1
VAL_SET3 (906).png,0
VAL_SET3 (907).png,1
VAL_SET3 (905).png,1
VAL_SET3 (904).png,1
VAL_SET3 (903).png,0
VAL_SET3 (908).png,1
VAL_SET3 (91).png,2
VAL_SET3 (912).png,1
VAL_SET3 (909).png,1
VAL_SET3 (910).png,0
VAL_SET3 (913).png,0
VAL_SET3 (911).png,0
VAL_SET3 (919).png,0
VAL_SET3 (914).png,1
VAL_SET3 (917).png,1
VAL_SET3 (915).png,0
VAL_SET3 (918).png,1
VAL_SET3 (916).png,0
VAL_SET3 (92).png,1
VAL_SET3 (924).png,1
VAL_SET3 (921).png,1
VAL_SET3 (923).png,1
VAL_SET3 (925).png,0
VAL_SET3 (922).png,0
VAL_SET3 (920).png,1
VAL_SET3 (928).png,0
VAL_SET3 (929).png,0
VAL_SET3 (926).png,0
VAL_SET3 (927).png,0
VAL_SET3 (931).png,1
VAL_SET3 (93).png,1
VAL_SET3 (930).png,1
VAL_SET3 (932).png,0
VAL_SET3 (934).png,1
VAL_SET3 (935).png,0
VAL_SET3 (933).png,0
VAL_SET3 (938).png,1
VAL_SET3 (936).png,0
VAL_SET3 (937).png,0
VAL_SET3 (941).png,0
VAL_SET3 (94).png,1
VAL_SET3 (940).png,0
VAL_SET3 (943).png,0
VAL_SET3 (942).png,0
VAL_SET3 (939).png,0
VAL_SET3 (946).png,0
VAL_SET3 (944).png,1
VAL_SET3 (948).png,0
VAL_SET3 (947).png,1
VAL_SET3 (945).png,1
VAL_SET3 (952).png,1
VAL_SET3 (951).png,0
VAL_SET3 (949).png,0
VAL_SET3 (954).png,0
VAL_SET3 (953).png,1
VAL_SET3 (950).png,0
VAL_SET3 (95).png,1
VAL_SET3 (957).png,0
VAL_SET3 (955).png,0
VAL_SET3 (959).png,1
VAL_SET3 (96).png,1
VAL_SET3 (960).png,0
VAL_SET3 (956).png,1
VAL_SET3 (958).png,0
VAL_SET3 (966).png,0
VAL_SET3 (963).png,1
VAL_SET3 (962).png,0
VAL_SET3 (964).png,1
VAL_SET3 (961).png,0
VAL_SET3 (965).png,0
VAL_SET3 (968).png,0
VAL_SET3 (97).png,1
VAL_SET3 (971).png,0
VAL_SET3 (972).png,0
VAL_SET3 (967).png,0
VAL_SET3 (969).png,0
VAL_SET3 (970).png,0
VAL_SET3 (976).png,0
VAL_SET3 (973).png,0
VAL_SET3 (974).png,1
VAL_SET3 (977).png,0
VAL_SET3 (978).png,1
VAL_SET3 (975).png,0
VAL_SET3 (979).png,0
VAL_SET3 (982).png,1
VAL_SET3 (980).png,0
VAL_SET3 (981).png,0
VAL_SET3 (983).png,0
VAL_SET3 (98).png,2
VAL_SET3 (984).png,0
VAL_SET3 (99).png,2
VAL_SET3 (988).png,0
VAL_SET3 (989).png,0
VAL_SET3 (986).png,1
VAL_SET3 (985).png,1
VAL_SET3 (987).png,0
VAL_SET3 (990).png,0
VAL_SET3 (992).png,0
VAL_SET3 (994).png,1
VAL_SET3 (991).png,0
VAL_SET3 (996).png,1
VAL_SET3 (995).png,2
VAL_SET3 (993).png,1
VAL_SET3 (999).png,0
VAL_SET3 (998).png,1
VAL_SET3 (997).png,0
VAL_SET3 (1000).png,1
VAL_SET3 (100).png,2
VAL_SET3 (10).png,1
VAL_SET3 (1).png,1
VAL_SET3 (1001).png,0
VAL_SET3 (1002).png,0
VAL_SET3 (1003).png,0
VAL_SET3 (1004).png,0
VAL_SET3 (1005).png,0
VAL_SET3 (1006).png,0
VAL_SET3 (1007).png,0
VAL_SET3 (1008).png,0
VAL_SET3 (1009).png,0
VAL_SET3 (101).png,2
VAL_SET3 (1010).png,0
VAL_SET3 (1011).png,0
VAL_SET3 (1012).png,0
VAL_SET3 (1013).png,0
VAL_SET3 (1014).png,1
VAL_SET3 (1015).png,0
VAL_SET3 (1016).png,1
VAL_SET3 (1017).png,0
VAL_SET3 (1018).png,0
VAL_SET3 (1019).png,0
VAL_SET3 (1020).png,0
VAL_SET3 (102).png,1
VAL_SET3 (1021).png,0
VAL_SET3 (1022).png,0
VAL_SET3 (1023).png,0
VAL_SET3 (1024).png,0
VAL_SET3 (1025).png,0
VAL_SET3 (1026).png,0
VAL_SET3 (1027).png,0
VAL_SET3 (1028).png,0
VAL_SET3 (1029).png,0
VAL_SET3 (103).png,1
VAL_SET3 (1030).png,0
VAL_SET3 (1031).png,1
VAL_SET3 (1032).png,0
VAL_SET3 (1033).png,0
VAL_SET3 (1034).png,0
VAL_SET3 (1035).png,2
VAL_SET3 (1036).png,1
VAL_SET3 (1037).png,1
VAL_SET3 (1038).png,0
VAL_SET3 (1039).png,0
VAL_SET3 (1040).png,0
VAL_SET3 (104).png,1
VAL_SET3 (1041).png,1
VAL_SET3 (1042).png,1
VAL_SET3 (1043).png,0
VAL_SET3 (1044).png,1
VAL_SET3 (1045).png,1
VAL_SET3 (1046).png,0
VAL_SET3 (1047).png,1
VAL_SET3 (1048).png,0
VAL_SET3 (1049).png,1
VAL_SET3 (105).png,1
VAL_SET3 (1050).png,0
VAL_SET3 (1051).png,0
VAL_SET3 (1052).png,1
VAL_SET3 (1053).png,2
VAL_SET3 (1054).png,0
VAL_SET3 (1055).png,0
VAL_SET3 (1056).png,0
VAL_SET3 (1057).png,0
VAL_SET3 (1058).png,0
VAL_SET3 (1059).png,0
VAL_SET3 (106).png,2
VAL_SET3 (1060).png,0
VAL_SET3 (1061).png,0
VAL_SET3 (1062).png,0
VAL_SET3 (1063).png,0
VAL_SET3 (1064).png,1
VAL_SET3 (1065).png,1
VAL_SET3 (1066).png,1
VAL_SET3 (1067).png,0
VAL_SET3 (1068).png,1
VAL_SET3 (1069).png,0
VAL_SET3 (1070).png,0
VAL_SET3 (107).png,1
VAL_SET3 (1072).png,1
VAL_SET3 (1071).png,0
VAL_SET3 (1073).png,0
VAL_SET3 (1074).png,0
VAL_SET3 (1075).png,0
VAL_SET3 (1076).png,0
VAL_SET3 (1077).png,0
VAL_SET3 (1078).png,1
VAL_SET3 (1079).png,1
VAL_SET3 (108).png,1
VAL_SET3 (1080).png,0
VAL_SET3 (1081).png,0
VAL_SET3 (1082).png,0
VAL_SET3 (1083).png,0
VAL_SET3 (1084).png,0
VAL_SET3 (1085).png,0
VAL_SET3 (1086).png,1
VAL_SET3 (1087).png,1
VAL_SET3 (1088).png,0
VAL_SET3 (1089).png,0
VAL_SET3 (1090).png,0
VAL_SET3 (109).png,2
VAL_SET3 (1091).png,0
VAL_SET3 (1092).png,0
VAL_SET3 (1093).png,0
VAL_SET3 (1094).png,0
VAL_SET3 (1095).png,0
VAL_SET3 (1096).png,0
VAL_SET3 (1097).png,0
VAL_SET3 (1098).png,1
VAL_SET3 (1099).png,0
VAL_SET3 (110).png,2
VAL_SET3 (11).png,1
VAL_SET3 (1100).png,0
VAL_SET3 (1101).png,0
VAL_SET3 (1102).png,0
VAL_SET3 (1103).png,0
VAL_SET3 (1104).png,0
VAL_SET3 (1105).png,0
VAL_SET3 (1106).png,0
VAL_SET3 (1107).png,0
VAL_SET3 (1108).png,0
VAL_SET3 (1109).png,1
VAL_SET3 (111).png,2
VAL_SET3 (1110).png,0
VAL_SET3 (1111).png,0
VAL_SET3 (1112).png,0
VAL_SET3 (1113).png,0
VAL_SET3 (1114).png,0
